id,type,width,height,max_dim,used_count,title,edit_link,full_image,used_on_pages
80219,content,202,301,301,1,thumbnail-ipad,https://o360.com/wp-admin/post.php?post=80219&action=edit,https://o360.com/wp-content/uploads/2020/06/thumbnail-ipad.png,BU - Sections 2020
80222,content,146,301,301,1,thumbnail-mobile,https://o360.com/wp-admin/post.php?post=80222&action=edit,https://o360.com/wp-content/uploads/2020/06/thumbnail-mobile.png,BU - Sections 2020
84933,content,383,383,383,2,bcccd785-7f0a-4b7f-be35-5ae67cbcc53f,https://o360.com/wp-admin/post.php?post=84933&action=edit,https://o360.com/wp-content/uploads/2015/05/bcccd785-7f0a-4b7f-be35-5ae67cbcc53f.png,About Us | About Us Backup 2024
86536,content,400,250,400,5,new-path-vision-4,https://o360.com/wp-admin/post.php?post=86536&action=edit,https://o360.com/wp-content/uploads/2026/03/new-path-vision-4.webp,Home | Web2 | Websites Pages | Websites Pages | Web2
27052,content,400,400,400,2,Sean Fahimi – CEO,https://o360.com/wp-admin/post.php?post=27052&action=edit,https://o360.com/wp-content/uploads/2019/07/sean2-min.jpg,About Us | About Us Backup 2024
27043,content,400,400,400,2,Belinda Tran – Vice President,https://o360.com/wp-admin/post.php?post=27043&action=edit,https://o360.com/wp-content/uploads/2019/07/belinda-min.jpg,About Us | About Us Backup 2024
27042,content,400,400,400,2,"Alec Jam – Director, Operations",https://o360.com/wp-admin/post.php?post=27042&action=edit,https://o360.com/wp-content/uploads/2019/07/alec-min.jpg,About Us | About Us Backup 2024
27045,content,400,400,400,2,"Chandra T. – Director, Administration",https://o360.com/wp-admin/post.php?post=27045&action=edit,https://o360.com/wp-content/uploads/2019/07/chandra-min.jpg,About Us | About Us Backup 2024
80014,content,400,400,400,2,paul-o,https://o360.com/wp-admin/post.php?post=80014&action=edit,https://o360.com/wp-content/uploads/2020/07/paul-o.jpg,About Us | About Us Backup 2024
27048,content,400,400,400,2,Matthew C. – Account Manager,https://o360.com/wp-admin/post.php?post=27048&action=edit,https://o360.com/wp-content/uploads/2019/07/matthew-min.jpg,About Us | About Us Backup 2024
27070,content,400,400,400,2,Adam R. – Social Media Strategist,https://o360.com/wp-admin/post.php?post=27070&action=edit,https://o360.com/wp-content/uploads/2019/07/adam.jpg,About Us | About Us Backup 2024
27047,content,400,400,400,2,Layla S. – Media,https://o360.com/wp-admin/post.php?post=27047&action=edit,https://o360.com/wp-content/uploads/2019/07/layla-min.jpg,About Us | About Us Backup 2024
79411,content,400,400,400,1,Danny,https://o360.com/wp-admin/post.php?post=79411&action=edit,https://o360.com/wp-content/uploads/2020/06/danny.png,About Us Backup 2024
49072,content,400,231,400,1,Custom Websites Laptop Mobile,https://o360.com/wp-admin/post.php?post=49072&action=edit,https://o360.com/wp-content/uploads/2020/01/custom-websites-laptop-mobile.png,Healthcare Website Design
85556,content,437,427,437,1,30-day-money-back-guarantee3,https://o360.com/wp-admin/post.php?post=85556&action=edit,https://o360.com/wp-content/uploads/2019/07/30-day-money-back-guarantee3.png,Footer
85819,content,440,440,440,18,aliciamacgowan,https://o360.com/wp-admin/post.php?post=85819&action=edit,https://o360.com/wp-content/uploads/2024/11/aliciamacgowan.png,About Us | Web2 | Websites Pages | Websites Pages | Web2 | Web2
86429,content,442,302,442,23,google1,https://o360.com/wp-admin/post.php?post=86429&action=edit,https://o360.com/wp-content/uploads/2026/02/google1.png,Marketing | Dental Marketing | Healthcare SEO | Healthcare PPC & Google Ads | Healthcare Social Media Marketing
80221,content,450,301,450,1,thumbnail-ipad-horizontal-2,https://o360.com/wp-admin/post.php?post=80221&action=edit,https://o360.com/wp-content/uploads/2020/06/thumbnail-ipad-horizontal-2.png,BU - Sections 2020
27635,content,442,450,450,1,dental braces icon,https://o360.com/wp-admin/post.php?post=27635&action=edit,https://o360.com/wp-content/uploads/2019/07/before-after-gallery.jpg,BU - Sections 2020
85503,content,500,313,500,5,drharryintsiful (1),https://o360.com/wp-admin/post.php?post=85503&action=edit,https://o360.com/wp-content/uploads/2024/08/drharryintsiful-1.webp,Home | Web2 | Websites Pages | Websites Pages | Web2
85944,content,500,500,500,18,Elizabeth Ciesielski,https://o360.com/wp-admin/post.php?post=85944&action=edit,https://o360.com/wp-content/uploads/2024/12/Elizabeth-Ciesielski.png,About Us | Web2 | Websites Pages | Websites Pages | Web2 | Web2
86644,content,500,484,500,1,Microsoft-Ad-Partner2,https://o360.com/wp-admin/post.php?post=86644&action=edit,https://o360.com/wp-content/uploads/2019/07/Microsoft-Ad-Partner2.png,Footer
86645,content,500,467,500,1,Google-Partner,https://o360.com/wp-admin/post.php?post=86645&action=edit,https://o360.com/wp-content/uploads/2019/07/Google-Partner.png,Footer
86642,content,500,477,500,1,SSL1,https://o360.com/wp-admin/post.php?post=86642&action=edit,https://o360.com/wp-content/uploads/2019/07/SSL1.png,Footer
86505,content,500,278,500,1,carousel-kids-dentistry-new,https://o360.com/wp-admin/post.php?post=86505&action=edit,https://o360.com/wp-content/uploads/2026/03/carousel-kids-dentistry-new.png,Pediatric Website Design
86157,content,501,501,501,4,hexdentallab-featured,https://o360.com/wp-admin/post.php?post=86157&action=edit,https://o360.com/wp-content/uploads/2025/03/hexdentallab-featured.png,Portfolio 2025 - Belinda | Portfolio | Portfolio2
26534,content,394,511,511,34,cta-light-blue-diamond.png 360,https://o360.com/wp-admin/post.php?post=26534&action=edit,https://o360.com/wp-content/uploads/2019/07/cta-light-blue-diamond.png,Footer | Single: Websites Landing | BU - Landing 2021 | Backup: Landing 2021 June | BU - Sections 2021 | Home Backup (Landing) 2024
82318,content,512,512,512,10,771-artist-painting-color-pallette-outline,https://o360.com/wp-admin/post.php?post=82318&action=edit,https://o360.com/wp-content/uploads/2022/06/771-artist-painting-color-pallette-outline.png,Single: Websites Landing | Websites Pages | Websites Pages | Web Design | Web Design — BACKUP 2026-07-31 (pre-PDF) | Web Design — BACKUP 2 pre-static 2026-07-31
82303,content,512,512,512,12,1643-keys-holder-outline,https://o360.com/wp-admin/post.php?post=82303&action=edit,https://o360.com/wp-content/uploads/2022/06/1643-keys-holder-outline.png,Single: Websites Landing | Web Design Old 2026 | Landing Export | Websites Pages | Websites Pages | Web Design
82304,content,512,512,512,10,1036-movie-camera-outline,https://o360.com/wp-admin/post.php?post=82304&action=edit,https://o360.com/wp-content/uploads/2022/06/1036-movie-camera-outline.png,Single: Websites Landing | Websites Pages | Websites Pages | Web Design | Web Design — BACKUP 2026-07-31 (pre-PDF) | Web Design — BACKUP 2 pre-static 2026-07-31
82305,content,512,512,512,12,95-locked-before-outline,https://o360.com/wp-admin/post.php?post=82305&action=edit,https://o360.com/wp-content/uploads/2022/06/95-locked-before-outline.png,Single: Websites Landing | Web Design Old 2026 | Landing Export | Websites Pages | Websites Pages | Web Design
26587,content,318,515,515,15,rocket.png,https://o360.com/wp-admin/post.php?post=26587&action=edit,https://o360.com/wp-content/uploads/2019/07/rocket.png,Single: Websites Landing | BU - Landing 2021 | Backup: Landing 2021 June | BU - Sections 2021 | Home Backup (Landing) 2024 | Marketing - Backup
86641,content,500,556,556,1,NOSPAM3,https://o360.com/wp-admin/post.php?post=86641&action=edit,https://o360.com/wp-content/uploads/2019/07/NOSPAM3.png,Footer
85459,content,558,314,558,1,Screenshot (5),https://o360.com/wp-admin/post.php?post=85459&action=edit,https://o360.com/wp-content/uploads/2024/08/Screenshot-5.png,About Us Backup 2024
85460,content,561,316,561,2,Screenshot (6),https://o360.com/wp-admin/post.php?post=85460&action=edit,https://o360.com/wp-content/uploads/2024/08/Screenshot-6.png,About Us | About Us Backup 2024
83999,content,600,338,600,1,o360 – Orthodontics,https://o360.com/wp-admin/post.php?post=83999&action=edit,https://o360.com/wp-content/uploads/2023/04/o360-Orthodontics.png,Orthodontic
83159,content,620,642,642,25,google-review,https://o360.com/wp-admin/post.php?post=83159&action=edit,https://o360.com/wp-content/uploads/2023/01/google-review.png,Marketing | BU - Sections 2022 | Marketing Landing | Dental Marketing | Healthcare SEO
86428,content,691,443,691,23,marketing-main-image,https://o360.com/wp-admin/post.php?post=86428&action=edit,https://o360.com/wp-content/uploads/2026/02/marketing-main-image.png,Marketing | Dental Marketing | Healthcare SEO | Healthcare PPC & Google Ads | Healthcare Social Media Marketing
27787,content,721,511,721,3,Elite Dermatology Website and Dr. Connie Wang,https://o360.com/wp-admin/post.php?post=27787&action=edit,https://o360.com/wp-content/uploads/2019/08/testimonial-elite-dermatology.jpg,BU - Landing 2021 | Web Design Old 2026 | Landing Export
27644,content,721,511,721,3,Burns orthodontic website and image collage,https://o360.com/wp-admin/post.php?post=27644&action=edit,https://o360.com/wp-content/uploads/2019/07/testimonial-orthodontics.jpg,BU - Landing 2021 | Web Design Old 2026 | Landing Export
27628,content,721,511,721,3,testimonial-oral-surgery,https://o360.com/wp-admin/post.php?post=27628&action=edit,https://o360.com/wp-content/uploads/2019/07/testimonial-oral-surgery.jpg,BU - Landing 2021 | Web Design Old 2026 | Landing Export
79288,content,721,511,721,3,Testimonials Altoona Smiles,https://o360.com/wp-admin/post.php?post=79288&action=edit,https://o360.com/wp-content/uploads/2020/06/testimonials-altoona-smiles.jpg,BU - Landing 2021 | Web Design Old 2026 | Landing Export
19109,content,369,747,747,4,phone1,https://o360.com/wp-admin/post.php?post=19109&action=edit,https://o360.com/wp-content/uploads/2016/09/phone1.png,Single: Websites Landing | BU - Landing 2021 | Backup: Landing 2021 June
86447,content,768,480,768,4,Clear-1,https://o360.com/wp-admin/post.php?post=86447&action=edit,https://o360.com/wp-content/uploads/2026/02/Clear-1.webp,Portfolio2 | BU Sec Image Gallery Portfolio | All Clear Dermatology
86445,content,768,480,768,4,Cali-1,https://o360.com/wp-admin/post.php?post=86445&action=edit,https://o360.com/wp-content/uploads/2026/02/Cali-1.webp,Portfolio2 | BU Sec Image Gallery Portfolio | California Gastro
86446,content,768,480,768,1,Modern-1,https://o360.com/wp-admin/post.php?post=86446&action=edit,https://o360.com/wp-content/uploads/2026/02/Modern-1.webp,Modern Implants
83195,content,600,777,777,42,communication-graphics,https://o360.com/wp-admin/post.php?post=83195&action=edit,https://o360.com/wp-content/uploads/2023/01/communication-graphics.png,Marketing | BU - Sections 2022 | Marketing Landing | Dental Marketing | Healthcare SEO
85818,content,790,790,790,18,abednamavari,https://o360.com/wp-admin/post.php?post=85818&action=edit,https://o360.com/wp-content/uploads/2024/11/abednamavari.png,About Us | Web2 | Websites Pages | Websites Pages | Web2 | Web2
83234,content,600,797,797,4,testimonial-mansouri,https://o360.com/wp-admin/post.php?post=83234&action=edit,https://o360.com/wp-content/uploads/2023/01/testimonial-mansouri.png,Marketing | BU - Sections 2022 | Marketing Landing
85824,content,800,271,800,18,google,https://o360.com/wp-admin/post.php?post=85824&action=edit,https://o360.com/wp-content/uploads/2024/11/google.png,About Us | Web2 | Websites Pages | Websites Pages | Web2 | Web2
80119,content,800,500,800,2,Landing Computers,https://o360.com/wp-admin/post.php?post=80119&action=edit,https://o360.com/wp-content/uploads/2020/07/Landing-Computers.png,BU - Landing 2021 | Landing Export
80166,content,800,450,800,3,Pediatric Dentistry Website Design — Laptop Mockup,https://o360.com/wp-admin/post.php?post=80166&action=edit,https://o360.com/wp-content/uploads/2020/07/pediatric-dentistry-website-design-laptop.webp,BU - Landing 2021 | Landing Export | Pediatric Dentistry Website Design
80167,content,800,450,800,2,Dental Lab Website Design — Laptop Mockup,https://o360.com/wp-admin/post.php?post=80167&action=edit,https://o360.com/wp-content/uploads/2020/07/dental-lab-website-design-laptop.webp,BU - Landing 2021 | Dental Lab Website Design
80165,content,800,450,800,2,Periodontic Website Design — Laptop Mockup,https://o360.com/wp-admin/post.php?post=80165&action=edit,https://o360.com/wp-content/uploads/2020/07/periodontic-website-design-laptop.webp,BU - Landing 2021 | Periodontic Website Design
80161,content,800,450,800,3,Dermatology Website Design — Laptop Mockup,https://o360.com/wp-admin/post.php?post=80161&action=edit,https://o360.com/wp-content/uploads/2020/07/dermatology-website-design-laptop.webp,BU - Landing 2021 | Landing Export | Dermatology Website Design
82550,content,800,493,800,1,dental-sample,https://o360.com/wp-admin/post.php?post=82550&action=edit,https://o360.com/wp-content/uploads/2022/10/dental-sample.png,BU - Blog 2023 - Belinda
80163,content,800,450,800,2,endodontic hero image for website landing page,https://o360.com/wp-admin/post.php?post=80163&action=edit,https://o360.com/wp-content/uploads/2020/07/19.png,Landing Export | Endodontic Website Design
80162,content,800,450,800,2,Oral Surgery Website Design — Laptop Mockup,https://o360.com/wp-admin/post.php?post=80162&action=edit,https://o360.com/wp-content/uploads/2020/07/oral-surgery-website-design-laptop.webp,Landing Export | Oral Surgery Website Design
80152,content,800,450,800,3,Orthopedic Website Design — Laptop Mockup,https://o360.com/wp-admin/post.php?post=80152&action=edit,https://o360.com/wp-content/uploads/2020/07/orthopedic-website-design-laptop.webp,Landing Export | Healthcare Website Design | Orthopedic Website Design
80148,content,800,450,800,2,Podiatry Website Design — Laptop Mockup,https://o360.com/wp-admin/post.php?post=80148&action=edit,https://o360.com/wp-content/uploads/2020/07/podiatry-website-design-laptop.webp,Landing Export | Podiatry Website Design
80155,content,800,450,800,2,Optometry Website Design — Laptop Mockup,https://o360.com/wp-admin/post.php?post=80155&action=edit,https://o360.com/wp-content/uploads/2020/07/optometry-website-design-laptop.webp,Landing Export | Optometry Website Design
80164,content,800,450,800,2,Orthodontic Website Design — Laptop Mockup,https://o360.com/wp-admin/post.php?post=80164&action=edit,https://o360.com/wp-content/uploads/2020/07/orthodontic-website-design-laptop.webp,Landing Export | Orthodontic Website Design
80156,content,800,450,800,2,Urology Website Design — Laptop Mockup,https://o360.com/wp-admin/post.php?post=80156&action=edit,https://o360.com/wp-content/uploads/2020/07/urology-website-design-laptop.webp,Landing Export | Urology Website Design
80160,content,800,450,800,2,Cosmetic Surgery Website Design — Laptop Mockup,https://o360.com/wp-admin/post.php?post=80160&action=edit,https://o360.com/wp-content/uploads/2020/07/cosmetic-surgery-website-design-laptop.webp,Landing Export | Cosmetic Surgery Website Design
80159,content,800,450,800,2,OBGYN Website Design — Laptop Mockup,https://o360.com/wp-admin/post.php?post=80159&action=edit,https://o360.com/wp-content/uploads/2020/07/obgyn-website-design-laptop.webp,Landing Export | OBGYN Website Design
80153,content,800,450,800,2,Urgent Care Website Design — Laptop Mockup,https://o360.com/wp-admin/post.php?post=80153&action=edit,https://o360.com/wp-content/uploads/2020/07/urgent-care-website-design-laptop.webp,Landing Export | Urgent Care Website Design
85444,content,800,800,800,1,shutterstock_1963795600-1 (1),https://o360.com/wp-admin/post.php?post=85444&action=edit,https://o360.com/wp-content/uploads/2024/07/shutterstock_1963795600-1-1.jpg,Landing Page – 23 Belinda (Paul's Edit)
80145,content,800,450,800,2,Dental Website Design — Laptop Mockup,https://o360.com/wp-admin/post.php?post=80145&action=edit,https://o360.com/wp-content/uploads/2020/07/dental-website-design-laptop.webp,Dental Website Design | Prosthodontic Website Design
80146,content,800,450,800,1,Chiropractic Website Design — Laptop Mockup,https://o360.com/wp-admin/post.php?post=80146&action=edit,https://o360.com/wp-content/uploads/2020/07/chiropractic-website-design-laptop.webp,Chiropractic Website Design
80158,content,800,450,800,2,Mental Health Website Design — Laptop Mockup,https://o360.com/wp-admin/post.php?post=80158&action=edit,https://o360.com/wp-content/uploads/2020/07/mental-health-website-design-laptop.webp,Mental Health Website Design | Veterinary
80151,content,800,450,800,1,Neurology & Neurosurgery Website Design — Laptop Mockup,https://o360.com/wp-admin/post.php?post=80151&action=edit,https://o360.com/wp-content/uploads/2020/07/neurology-website-design-laptop.webp,Neurology & Neurosurgery Website Design
80157,content,800,450,800,1,Pain Management Website Design — Laptop Mockup,https://o360.com/wp-admin/post.php?post=80157&action=edit,https://o360.com/wp-content/uploads/2020/07/pain-management-website-design-laptop.webp,Pain Management Website Design
80149,content,800,450,800,1,Pharmacy Website Design — Laptop Mockup,https://o360.com/wp-admin/post.php?post=80149&action=edit,https://o360.com/wp-content/uploads/2020/07/pharmacy-website-design-laptop.webp,Pharmacy Website Design
80154,content,800,450,800,1,Cardiology Website Design — Laptop Mockup,https://o360.com/wp-admin/post.php?post=80154&action=edit,https://o360.com/wp-content/uploads/2020/07/cardiology-website-design-laptop.webp,Cardiology Website Design
80168,content,800,450,800,1,Prosthodontic Website Design — Laptop Mockup,https://o360.com/wp-admin/post.php?post=80168&action=edit,https://o360.com/wp-content/uploads/2020/07/prosthodontic-website-design-laptop.webp,Prosthodontic Website Design
80147,content,800,450,800,1,Physical Therapy Website Design — Laptop Mockup,https://o360.com/wp-admin/post.php?post=80147&action=edit,https://o360.com/wp-content/uploads/2020/07/physical-therapy-website-design-laptop.webp,Physical Therapy Website Design
85822,content,804,804,804,18,nelsonleach,https://o360.com/wp-admin/post.php?post=85822&action=edit,https://o360.com/wp-content/uploads/2024/11/nelsonleach.png,About Us | Web2 | Websites Pages | Websites Pages | Web2 | Web2
22001,content,852,730,852,1,cell-phone o360,https://o360.com/wp-admin/post.php?post=22001&action=edit,https://o360.com/wp-content/uploads/2017/11/cell-phone.png,Veterinary Website Design
85890,content,858,689,858,1,dentistry21,https://o360.com/wp-admin/post.php?post=85890&action=edit,https://o360.com/wp-content/uploads/2024/12/dentistry21.png,About Us
85820,content,864,864,864,18,sanderscoley,https://o360.com/wp-admin/post.php?post=85820&action=edit,https://o360.com/wp-content/uploads/2024/11/sanderscoley.png,About Us | Web2 | Websites Pages | Websites Pages | Web2 | Web2
86510,content,900,500,900,6,carousel-kids-dentistry,https://o360.com/wp-admin/post.php?post=86510&action=edit,https://o360.com/wp-content/uploads/2026/03/carousel-kids-dentistry.png,Web Design Old 2026 | Web Design | Web Design — BACKUP 2026-07-31 (pre-PDF) | Web Design — BACKUP 2 pre-static 2026-07-31 | Landing for Websites — BACKUP 2026-07-31 (pre-ACF wiring) | Landing for Websites — BACKUP 8 (pre edu-video fallback swap) 2026-08-02 01:55
49055,content,912,526,912,11,Custom Websites Laptop,https://o360.com/wp-admin/post.php?post=49055&action=edit,https://o360.com/wp-content/uploads/2020/01/custom-websites-laptop.png,BU - Sections 2023 | Landing for Websites | Landing for Websites — BACKUP-5 2026-08-01 | Landing for Websites — BACKUP-6 2026-08-01 | Landing for Websites — BACKUP 7 (pre rich-text merge) 2026-08-01 23:09 | Landing for Websites — BACKUP 8 (pre edu-video fallback swap) 2026-08-02 01:55
82300,content,960,540,960,5,Veterinary Video screenshot,https://o360.com/wp-admin/post.php?post=82300&action=edit,https://o360.com/wp-content/uploads/2022/06/Veterinary-Video-screenshot.png,Web2 | Websites Pages | Web2 | Veterinary | Veterinarian
49041,content,927,975,975,1,Hands Ipad,https://o360.com/wp-admin/post.php?post=49041&action=edit,https://o360.com/wp-content/uploads/2020/01/hands-ipad.png,Telemedicine Website Design
23094,content,995,624,995,2,bar-facebook.png 360 icon,https://o360.com/wp-admin/post.php?post=23094&action=edit,https://o360.com/wp-content/uploads/2018/05/bar-facebook.png,BU - Sections 2021 | Marketing - Backup
23095,content,995,626,995,2,bar-google.png 360 icon,https://o360.com/wp-admin/post.php?post=23095&action=edit,https://o360.com/wp-content/uploads/2018/05/bar-google.png,BU - Sections 2021 | Marketing - Backup
23096,content,995,626,995,2,bar-twitter.png 360 icon,https://o360.com/wp-admin/post.php?post=23096&action=edit,https://o360.com/wp-content/uploads/2018/05/bar-twitter.png,BU - Sections 2021 | Marketing - Backup
83837,content,1000,667,1000,1,shutterstock_1174987561,https://o360.com/wp-admin/post.php?post=83837&action=edit,https://o360.com/wp-content/uploads/2023/04/shutterstock_1174987561.jpeg,Logo Design
86254,content,1000,667,1000,1,shutterstock_2300796931,https://o360.com/wp-admin/post.php?post=86254&action=edit,https://o360.com/wp-content/uploads/2025/09/shutterstock_2300796931.jpg,Web Design Old 2026
71170,content,1000,553,1000,1,multiple-device,https://o360.com/wp-admin/post.php?post=71170&action=edit,https://o360.com/wp-content/uploads/2020/02/multiple-device.png,Periodontic Website Design
85817,content,1015,1015,1015,18,celestenagy,https://o360.com/wp-admin/post.php?post=85817&action=edit,https://o360.com/wp-content/uploads/2024/11/celestenagy-1.png,About Us | Web2 | Websites Pages | Websites Pages | Web2 | Web2
86952,content,812,1024,1024,10,Dr-Sean-Fahimi-DDS-blue-Working,https://o360.com/wp-admin/post.php?post=86952&action=edit,https://o360.com/wp-content/uploads/2026/07/Dr-Sean-Fahimi-DDS-blue-Working.jpg,Landing for Websites | Landing for Websites — BACKUP-3 2026-07-31 (pre-batch3) | Landing for Websites — BACKUP-4 2026-08-01 (pre-batch4) | Landing for Websites — BACKUP-5 2026-08-01 | Landing for Websites — BACKUP-6 2026-08-01 | Landing for Websites — BACKUP 7 (pre rich-text merge) 2026-08-01 23:09
71160,content,1024,539,1024,1,mobile-responsive-2-1140×600-1024×539-1,https://o360.com/wp-admin/post.php?post=71160&action=edit,https://o360.com/wp-content/uploads/2020/02/mobile-responsive-2-1140x600-1024x539-1.jpg,Orthodontic Website Design
71156,content,1024,539,1024,1,mobile-responsive-2-1140×600-1024×539-1024×539,https://o360.com/wp-admin/post.php?post=71156&action=edit,https://o360.com/wp-content/uploads/2020/02/mobile-responsive-2-1140x600-1024x539-1024x539-1.jpg,Orthopedic Website Design
46466,content,1047,653,1047,1,Sean Fahimi DDS At Work Doing Dentistry,https://o360.com/wp-admin/post.php?post=46466&action=edit,https://o360.com/wp-content/uploads/2019/12/Sean-Fahimi-DDS-at-work-doing-dentistry.jpg,About Us Backup 2024
31423,content,832,1053,1053,48,Ssl Secure Website Screenshot With Mobile Version,https://o360.com/wp-admin/post.php?post=31423&action=edit,https://o360.com/wp-content/uploads/2019/10/ssl-secure-website-screenshot-with-mobile-version.png,Web Design | Chiropractic Website Design | Cosmetic Surgery Website Design | Dental Lab Website Design | Dental Website Design | Dermatology Website Design
85821,content,1054,1054,1054,18,jessewelsh,https://o360.com/wp-admin/post.php?post=85821&action=edit,https://o360.com/wp-content/uploads/2024/11/jessewelsh.png,About Us | Web2 | Websites Pages | Websites Pages | Web2 | Web2
81738,content,553,1106,1106,1,cell-1.png,https://o360.com/wp-admin/post.php?post=81738&action=edit,https://o360.com/wp-content/uploads/2022/01/cell-1.png,BU - Sections 2023
28142,content,1115,661,1115,2,ipad-screen-medical,https://o360.com/wp-admin/post.php?post=28142&action=edit,https://o360.com/wp-content/uploads/2019/08/ipad-screen-medical.png,BU - Sections 2020 | Veterinary
27808,content,1115,661,1115,4,ipad-screen-dental,https://o360.com/wp-admin/post.php?post=27808&action=edit,https://o360.com/wp-content/uploads/2019/08/ipad-screen-dental.png,Home Backup (Landing) 2024 | Sections | Urgent Care Website Design | Urology Website Design
85887,content,1128,851,1128,1,building-sketch,https://o360.com/wp-admin/post.php?post=85887&action=edit,https://o360.com/wp-content/uploads/2024/12/building-sketch.jpg,About Us
26553,content,1140,453,1140,3,healthcare-collage.jpg,https://o360.com/wp-admin/post.php?post=26553&action=edit,https://o360.com/wp-content/uploads/2019/07/healthcare-collage.jpg,Home Backup (Landing) 2024 | Sections | Internal Medicine Website Design
85882,content,1148,683,1148,21,laptop-dental-website-purple,https://o360.com/wp-admin/post.php?post=85882&action=edit,https://o360.com/wp-content/uploads/2024/12/laptop-dental-website-purple.png,Dental Marketing | Healthcare SEO | Healthcare PPC & Google Ads | Healthcare Social Media Marketing | Healthcare Reputation Management | Healthcare Content Marketing
42201,content,1151,209,1151,18,Website Package Header,https://o360.com/wp-admin/post.php?post=42201&action=edit,https://o360.com/wp-content/uploads/2019/11/website-package-header.png,Single: Websites Landing | BU - Landing 2021 | Backup: Landing 2021 June | Temp - Packages | Packages | Landing Export
80970,content,1200,713,1200,2,laptop-heart,https://o360.com/wp-admin/post.php?post=80970&action=edit,https://o360.com/wp-content/uploads/2021/07/laptop-heart.png,Marketing - Backup | Sections
86592,content,1200,661,1200,1,Screenshot 2026-05-18 113415,https://o360.com/wp-admin/post.php?post=86592&action=edit,https://o360.com/wp-content/uploads/2017/11/Screenshot-2026-05-18-113415.webp,Dr. Jennifer Satterfield
86593,content,1200,660,1200,1,Screenshot 2026-05-18 113429,https://o360.com/wp-admin/post.php?post=86593&action=edit,https://o360.com/wp-content/uploads/2017/11/Screenshot-2026-05-18-113429.webp,Covington Dental
80212,content,1200,958,1200,1,obgyn-security-min,https://o360.com/wp-admin/post.php?post=80212&action=edit,https://o360.com/wp-content/uploads/2020/07/obgyn-security-min.png,OBGYN Website Design
82524,content,1251,1042,1251,1,Med Rect B 300×250 – o360 ads,https://o360.com/wp-admin/post.php?post=82524&action=edit,https://o360.com/wp-content/uploads/2022/10/Med-Rect-B-300x250-1.png,Footer Ad
74768,content,1280,800,1280,1,Dentistgordon.com Screenshot,https://o360.com/wp-admin/post.php?post=74768&action=edit,https://o360.com/wp-content/uploads/2017/04/dentistgordon.com-screenshot.jpg,"Howard Gordon, D.D.S."
74940,content,1280,800,1280,1,Foleyandramseydental.com Screenshot,https://o360.com/wp-admin/post.php?post=74940&action=edit,https://o360.com/wp-content/uploads/2014/05/foleyandramseydental.com-screenshot.jpg,Coon Rapids General Dentistry
74876,content,1280,800,1280,1,Westlibertydentistry.com Screenshot,https://o360.com/wp-admin/post.php?post=74876&action=edit,https://o360.com/wp-content/uploads/2016/01/westlibertydentistry.com-screenshot.jpg,West Liberty Dentistry
75045,content,1280,800,1280,1,Oasis Dental Website Screenshot1,https://o360.com/wp-admin/post.php?post=75045&action=edit,https://o360.com/wp-content/uploads/2019/09/oasis-dental-website-screenshot1.jpg,Oasis Family Dentistry
75046,content,1280,800,1280,1,Forever Young Medical Spa Website Screenshot1,https://o360.com/wp-admin/post.php?post=75046&action=edit,https://o360.com/wp-content/uploads/2019/09/forever-young-medical-spa-website-screenshot1.jpeg,Forever Young
75047,content,1280,800,1280,1,Pioneer Medical Imaging Website Screenshot1,https://o360.com/wp-admin/post.php?post=75047&action=edit,https://o360.com/wp-content/uploads/2019/09/pioneer-medical-imaging-website-screenshot1.jpg,Pioneer Medical Imaging
75081,content,1280,800,1280,1,Dr Susan Woods Website Screenshot1,https://o360.com/wp-admin/post.php?post=75081&action=edit,https://o360.com/wp-content/uploads/2019/10/dr-susan-woods-website-screenshot1.jpg,Dr. Susan Woods
75088,content,1280,800,1280,1,Clear Smiles Dental Webstie Screenshot1,https://o360.com/wp-admin/post.php?post=75088&action=edit,https://o360.com/wp-content/uploads/2019/08/clear-smiles-dental-webstie-screenshot1.jpg,Clear Smiles Dental
77009,content,1280,800,1280,1,Beautifulsmilesofde.com Screenshot,https://o360.com/wp-admin/post.php?post=77009&action=edit,https://o360.com/wp-content/uploads/2013/10/beautifulsmilesofde.com-screenshot.jpg,"Kenneth Gerber, DDS"
77026,content,1280,800,1280,1,Gastroassoc.com Screenshot,https://o360.com/wp-admin/post.php?post=77026&action=edit,https://o360.com/wp-content/uploads/2016/02/gastroassoc.com-screenshot.jpeg,Gastroenterology Associates
80033,content,1318,790,1318,1,screen-teeth-anatomy,https://o360.com/wp-admin/post.php?post=80033&action=edit,https://o360.com/wp-content/uploads/2020/07/screen-teeth-anatomy.png,BU - Landing 2021
85945,content,1334,1334,1334,18,fivers,https://o360.com/wp-admin/post.php?post=85945&action=edit,https://o360.com/wp-content/uploads/2024/12/fivers.jpg,About Us | Web2 | Websites Pages | Websites Pages | Web2 | Web2
80374,content,1366,853,1366,1,womenscancerfoundation screenshot1,https://o360.com/wp-admin/post.php?post=80374&action=edit,https://o360.com/wp-content/uploads/2017/05/womenscancerfoundation-screenshot1.jpg,Women's Cancer Research Foundation
86836,content,1376,768,1376,1,Holistic Medicine Website Design — Laptop Mockup,https://o360.com/wp-admin/post.php?post=86836&action=edit,https://o360.com/wp-content/uploads/2026/07/holistic-medicine-website-design-laptop.png,Holistic Medicine Website Design
86837,content,1376,768,1376,1,Funeral Home Website Design — Laptop Mockup,https://o360.com/wp-admin/post.php?post=86837&action=edit,https://o360.com/wp-content/uploads/2026/07/funeral-home-website-design-laptop.png,Funeral Home Website Design
85888,content,1128,1422,1422,1,Dr-Sean-Fahimi-DDS-Working-sketch,https://o360.com/wp-admin/post.php?post=85888&action=edit,https://o360.com/wp-content/uploads/2024/12/Dr-Sean-Fahimi-DDS-Working-sketch.jpg,About Us
46463,content,1128,1422,1422,28,Dr Sean Fahimi Dds Working,https://o360.com/wp-admin/post.php?post=46463&action=edit,https://o360.com/wp-content/uploads/2019/12/Dr-Sean-Fahimi-DDS-Working.jpg,Dental Marketing | Healthcare SEO | Healthcare PPC & Google Ads | Healthcare Social Media Marketing | Healthcare Reputation Management | Healthcare Content Marketing
41616,content,1200,1427,1427,1,Care Credit Orthodontic Website full screencapture vertical,https://o360.com/wp-admin/post.php?post=41616&action=edit,https://o360.com/wp-content/uploads/2019/11/care-credit-orthodontic-website.png,Pediatric Dentistry Website Design
85461,content,1437,806,1437,1,Screenshot (7),https://o360.com/wp-admin/post.php?post=85461&action=edit,https://o360.com/wp-content/uploads/2024/08/Screenshot-7.png,About Us Backup 2024
87112,content,736,1472,1472,1,medical spa vertical,https://o360.com/wp-admin/post.php?post=87112&action=edit,https://o360.com/wp-content/uploads/2026/08/medical-spa-vertical.jpg,Medical Spa Website Design
87087,content,736,1472,1472,1,chiropractic website red,https://o360.com/wp-admin/post.php?post=87087&action=edit,https://o360.com/wp-content/uploads/2026/08/chiropractic-website-red.jpg,Chiropractic Website Design
87120,content,736,1472,1472,1,optometry vertical design,https://o360.com/wp-admin/post.php?post=87120&action=edit,https://o360.com/wp-content/uploads/2026/08/optometry-vertical-design.jpg,Optometry Website Design
87123,content,736,1472,1472,1,pediatric website brown,https://o360.com/wp-admin/post.php?post=87123&action=edit,https://o360.com/wp-content/uploads/2026/08/pediatric-website-brown.jpg,Pediatric Website Design
81745,content,1479,893,1479,1,screenshot,https://o360.com/wp-admin/post.php?post=81745&action=edit,https://o360.com/wp-content/uploads/2022/01/screenshot.png,BU - Sections 2023
80065,likely-icon,10,10,10,2,transparent,https://o360.com/wp-admin/post.php?post=80065&action=edit,https://o360.com/wp-content/uploads/2020/07/transparent.png,Loop: Portfolio | Loop: Website Landing Portfolio
85823,likely-icon,120,120,120,18,kameronjackson,https://o360.com/wp-admin/post.php?post=85823&action=edit,https://o360.com/wp-content/uploads/2024/11/kameronjackson.png,About Us | Web2 | Websites Pages | Websites Pages | Web2 | Web2
85943,likely-icon,120,120,120,18,maryphilp,https://o360.com/wp-admin/post.php?post=85943&action=edit,https://o360.com/wp-content/uploads/2024/12/maryphilp.png,About Us | Web2 | Websites Pages | Websites Pages | Web2 | Web2
84918,likely-icon,200,200,200,2,Sean Fahimi Headshot,https://o360.com/wp-admin/post.php?post=84918&action=edit,https://o360.com/wp-content/uploads/2023/08/Sean-Fahimi-Headshot.jpg,Dr. Sean Author Card | Sections
21940,likely-icon,248,253,253,4,dental videos of tooth and tongue,https://o360.com/wp-admin/post.php?post=21940&action=edit,https://o360.com/wp-content/uploads/2017/11/videos.jpg,Portfolio 2025 - Belinda | Portfolio | Portfolio2
26522,ui-logo-bg,35,35,35,9,pattern-black-diamond-1.jpg 360,https://o360.com/wp-admin/post.php?post=26522&action=edit,https://o360.com/wp-content/uploads/2019/07/pattern-black-diamond-1.jpg,Single: Websites Landing | BU - Sections 2020 | BU - Landing 2021 | Backup: Landing 2021 June | Web Design
26575,ui-logo-bg,35,35,35,8,pattern-royal-diamond-1.jpg 360,https://o360.com/wp-admin/post.php?post=26575&action=edit,https://o360.com/wp-content/uploads/2019/07/pattern-royal-diamond-1.jpg,Single: Websites Landing | BU - Sections 2020 | BU - Landing 2021 | Backup: Landing 2021 June | Web Design
26622,ui-logo-bg,35,35,35,2,pattern-black-diamond.jpg,https://o360.com/wp-admin/post.php?post=26622&action=edit,https://o360.com/wp-content/uploads/2019/07/pattern-black-diamond.jpg,BU - Sections 2020 | BU - Gallery
26593,ui-logo-bg,35,35,35,7,pattern-light-diamond.jpg,https://o360.com/wp-admin/post.php?post=26593&action=edit,https://o360.com/wp-content/uploads/2019/07/pattern-light-diamond.jpg,BU - Sections 2020 | BU - Sections 2021 | Temp - Footer Pricing Form Light | Landing Export | Home Backup (Landing) 2024 | Sections
26552,ui-logo-bg,35,35,35,3,pattern-blue-diamond-1.jpg,https://o360.com/wp-admin/post.php?post=26552&action=edit,https://o360.com/wp-content/uploads/2019/07/pattern-blue-diamond-1.jpg,Home Backup (Landing) 2024 | Sections | bcc3cba683b5e432062d10e2e11e6fea-styles
49334,ui-logo-bg,48,58,58,7,Blue Background,https://o360.com/wp-admin/post.php?post=49334&action=edit,https://o360.com/wp-content/uploads/2020/01/blue-background.png,Single: Websites Landing | BU - Landing 2021 | Backup: Landing 2021 June | Web Design | Web Design — BACKUP 2026-07-31 (pre-PDF)
85558,ui-logo-bg,150,150,150,1,seo-top-rated-agency-badge4,https://o360.com/wp-admin/post.php?post=85558&action=edit,https://o360.com/wp-content/uploads/2019/07/seo-top-rated-agency-badge4.webp,Footer
85569,ui-logo-bg,175,91,175,4,logo-ela2,https://o360.com/wp-admin/post.php?post=85569&action=edit,https://o360.com/wp-content/uploads/2024/08/logo-ela2.webp,Review Slide 4 | Home | About Us
85567,ui-logo-bg,220,72,220,3,logo-maygrant2,https://o360.com/wp-admin/post.php?post=85567&action=edit,https://o360.com/wp-content/uploads/2024/08/logo-maygrant2.webp,Review Slide 3 | Home | About Us
85555,ui-logo-bg,224,224,224,1,5-star-rating-on-google-badge2 (1),https://o360.com/wp-admin/post.php?post=85555&action=edit,https://o360.com/wp-content/uploads/2019/07/5-star-rating-on-google-badge2-1.png,Footer
85566,ui-logo-bg,260,61,260,4,logo-dianadental6,https://o360.com/wp-admin/post.php?post=85566&action=edit,https://o360.com/wp-content/uploads/2024/08/logo-dianadental6.webp,Review Slide 2 | Home | About Us
85336,ui-logo-bg,256,266,266,6,logo-pasha-dental,https://o360.com/wp-admin/post.php?post=85336&action=edit,https://o360.com/wp-content/uploads/2023/09/logo-pasha-dental.png,Landing Page - 23 Belinda | Landing Page – 23 Belinda (Paul's Edit) | Review Slide 1 | Home | About Us
41040,ui-logo-bg,346,347,347,7,Ssl Security Badge Logo,https://o360.com/wp-admin/post.php?post=41040&action=edit,https://o360.com/wp-content/uploads/2019/10/SSL-security-badge-logo.png,"Kenneth Gerber, DDS | Facial Esthetics - Carlson Group | OC Integrative Medicine | Pinehurst Dental Arts | Queen Street Dental | West LA Endodontics"
85551,ui-logo-bg,400,233,400,14,Asset-23,https://o360.com/wp-admin/post.php?post=85551&action=edit,https://o360.com/wp-content/uploads/2024/08/Asset-23.webp,Home | Web2 | Landing for Websites | Landing for Websites — BACKUP 2026-07-31 (pre-ACF wiring) | Landing for Websites — BACKUP-2 2026-07-31 (pre-batch2) | Landing for Websites — BACKUP-3 2026-07-31 (pre-batch3)
84673,ui-logo-bg,400,400,400,2,wired-outline-489-rocket-space,https://o360.com/wp-admin/post.php?post=84673&action=edit,https://o360.com/wp-content/uploads/2023/05/wired-outline-489-rocket-space.png,Web Design Old 2026 | Landing Export
84674,ui-logo-bg,400,400,400,2,wired-outline-278-avatar-man-plus,https://o360.com/wp-admin/post.php?post=84674&action=edit,https://o360.com/wp-content/uploads/2023/05/wired-outline-278-avatar-man-plus.png,Web Design Old 2026 | Landing Export
84676,ui-logo-bg,400,400,400,2,wired-outline-973-appointment-schedule,https://o360.com/wp-admin/post.php?post=84676&action=edit,https://o360.com/wp-content/uploads/2023/05/wired-outline-973-appointment-schedule.png,Web Design Old 2026 | Landing Export
84677,ui-logo-bg,400,400,400,2,wired-outline-1437-photo-editor,https://o360.com/wp-admin/post.php?post=84677&action=edit,https://o360.com/wp-content/uploads/2023/05/wired-outline-1437-photo-editor.png,Web Design Old 2026 | Landing Export
82366,ui-logo-bg,450,450,450,32,pattern-organic,https://o360.com/wp-admin/post.php?post=82366&action=edit,https://o360.com/wp-content/uploads/2022/08/pattern-organic.png,Home | About Us | Single: Websites Landing | Landing Page - 23 Belinda | Landing Page – 23 Belinda (Paul's Edit) | Portfolio 2025 - Belinda
79905,ui-logo-bg,464,462,464,20,Honeycomb Pattern 1 E1577396719850,https://o360.com/wp-admin/post.php?post=79905&action=edit,https://o360.com/wp-content/uploads/2020/06/honeycomb-pattern-1-e1577396719850-1.png,About Us | Single: Websites Landing | BU - Sections 2020 | BU - Landing 2021 | BU - Gallery | Backup: Landing 2021 June
79904,ui-logo-bg,464,462,464,2,Honeycomb Pattern 1 E1577396719850,https://o360.com/wp-admin/post.php?post=79904&action=edit,https://o360.com/wp-content/uploads/2020/06/honeycomb-pattern-1-e1577396719850.png,BU - Landing Heros | HIPAA-Compliant Websites & Emails
81695,ui-logo-bg,500,503,503,5,orange block BG,https://o360.com/wp-admin/post.php?post=81695&action=edit,https://o360.com/wp-content/uploads/2021/12/Asset-8.png,About Us | About Us Backup 2024 | Careers | De Anza Smiles | Coon Rapids General Dentistry
82307,ui-logo-bg,512,512,512,10,152-bar-chart-arrow-growth-outline,https://o360.com/wp-admin/post.php?post=82307&action=edit,https://o360.com/wp-content/uploads/2022/06/152-bar-chart-arrow-growth-outline.png,Single: Websites Landing | Websites Pages | Websites Pages | Web Design | Web Design — BACKUP 2026-07-31 (pre-PDF) | Web Design — BACKUP 2 pre-static 2026-07-31
84420,ui-logo-bg,512,512,512,1,cropped-O360-2020-logo-circle-icon-in-box.jpg,https://o360.com/wp-admin/post.php?post=84420&action=edit,https://o360.com/wp-content/uploads/2019/12/cropped-O360-2020-logo-circle-icon-in-box.jpg,
85871,ui-logo-bg,514,85,514,18,10-best-design-logo,https://o360.com/wp-admin/post.php?post=85871&action=edit,https://o360.com/wp-content/uploads/2024/12/10-best-design-logo.png,About Us | Web2 | Websites Pages | Websites Pages | Web2 | Web2
26537,ui-logo-bg,189,580,580,1,corner.png,https://o360.com/wp-admin/post.php?post=26537&action=edit,https://o360.com/wp-content/uploads/2019/07/corner.png,bcc3cba683b5e432062d10e2e11e6fea-styles
83679,ui-logo-bg,600,464,600,24,target-icon,https://o360.com/wp-admin/post.php?post=83679&action=edit,https://o360.com/wp-content/uploads/2023/03/target-icon.png,Marketing | Marketing Landing | Dental Marketing | Healthcare SEO | Healthcare PPC & Google Ads
83687,ui-logo-bg,600,593,600,24,traffic-icon,https://o360.com/wp-admin/post.php?post=83687&action=edit,https://o360.com/wp-content/uploads/2023/03/traffic-icon.png,Marketing | Marketing Landing | Dental Marketing | Healthcare SEO | Healthcare PPC & Google Ads
86558,ui-logo-bg,640,360,640,1,Video-Placeholder,https://o360.com/wp-admin/post.php?post=86558&action=edit,https://o360.com/wp-content/uploads/2026/03/Video-Placeholder.jpg,About Us
23092,ui-logo-bg,737,178,737,1,hero-social-icons.png 360 icon,https://o360.com/wp-admin/post.php?post=23092&action=edit,https://o360.com/wp-content/uploads/2018/05/hero-social-icons.png,BU - Sections 2021
83678,ui-logo-bg,600,856,856,34,market-research-icon,https://o360.com/wp-admin/post.php?post=83678&action=edit,https://o360.com/wp-content/uploads/2023/03/market-research-icon.png,Marketing | Web Design Old 2026 | Landing Export | Marketing Landing | Dental Marketing
83448,ui-logo-bg,894,242,894,1,chirolouie.com logo,https://o360.com/wp-admin/post.php?post=83448&action=edit,https://o360.com/wp-content/uploads/2019/11/chirolouie.com-logo.png,Chiro Louie
80215,ui-logo-bg,900,909,909,1,2 OBGYN Mobile Websites side by side,https://o360.com/wp-admin/post.php?post=80215&action=edit,https://o360.com/wp-content/uploads/2020/07/Asset-7-min.png,Web Design Old 2026
81773,ui-logo-bg,1000,1000,1000,4,Logo – Coastal,https://o360.com/wp-admin/post.php?post=81773&action=edit,https://o360.com/wp-content/uploads/2020/06/Logo-Coastal.png,Single: Websites Landing | Web Design | Web Design — BACKUP 2026-07-31 (pre-PDF) | Web Design — BACKUP 2 pre-static 2026-07-31
81775,ui-logo-bg,1000,1000,1000,5,Logo – Madelyn Smith,https://o360.com/wp-admin/post.php?post=81775&action=edit,https://o360.com/wp-content/uploads/2020/06/Logo-Madelyn-Smith.png,Single: Websites Landing | Web Design | Web Design — BACKUP 2026-07-31 (pre-PDF) | Web Design — BACKUP 2 pre-static 2026-07-31 | Logo Design
50156,ui-logo-bg,1196,896,1196,2,O360® Logo Large 2020 At Optimized360 Llc,https://o360.com/wp-admin/post.php?post=50156&action=edit,https://o360.com/wp-content/uploads/2020/01/o360-logo-large-2020-at-optimized360-llc.png,Web Design Old 2026 | Web Design
81774,ui-logo-bg,1200,1200,1200,4,Logo – Elite Dental,https://o360.com/wp-admin/post.php?post=81774&action=edit,https://o360.com/wp-content/uploads/2020/06/Logo-Elite-Dental.png,Single: Websites Landing | Web Design | Web Design — BACKUP 2026-07-31 (pre-PDF) | Web Design — BACKUP 2 pre-static 2026-07-31
26685,ui-logo-bg,726,1200,1200,1,blue slanted background right side.png,https://o360.com/wp-admin/post.php?post=26685&action=edit,https://o360.com/wp-content/uploads/2019/07/about-corner-1-e1572515911967.png,About Us Backup 2024
80206,ui-logo-bg,1200,957,1200,1,Attento Counseling,https://o360.com/wp-admin/post.php?post=80206&action=edit,https://o360.com/wp-content/uploads/2020/07/Asset-3-min.png,Chiropractic Website Design
36100,ui-logo-bg,1222,464,1222,51,Hipaa Compliant Logo,https://o360.com/wp-admin/post.php?post=36100&action=edit,https://o360.com/wp-content/uploads/2019/10/HIPAA-compliant-logo.png,Web Design | Landing for Websites | Landing for Websites — BACKUP 9 (pre title/subtitle re-split) 2026-08-02 21:58 | Landing for Websites — BACKUP 10 (pre labels/AI boxes/reviews) 2026-08-03 00:06 | Landing for Websites — BACKUP 11 (pre medical fallbacks) 2026-08-03 00:41 | Chiropractic Website Design
86555,ui-logo-bg,922,1261,1261,10,ppc-management-icon3,https://o360.com/wp-admin/post.php?post=86555&action=edit,https://o360.com/wp-content/uploads/2026/03/ppc-management-icon3.png,Web Design Old 2026 | Landing Export | Landing for Websites | Landing for Websites — BACKUP-5 2026-08-01 | Landing for Websites — BACKUP-6 2026-08-01 | Landing for Websites — BACKUP 7 (pre rich-text merge) 2026-08-01 23:09
86553,ui-logo-bg,1313,1313,1313,10,custom-website-icon3,https://o360.com/wp-admin/post.php?post=86553&action=edit,https://o360.com/wp-content/uploads/2026/03/custom-website-icon3.png,Web Design Old 2026 | Landing Export | Landing for Websites | Landing for Websites — BACKUP-5 2026-08-01 | Landing for Websites — BACKUP-6 2026-08-01 | Landing for Websites — BACKUP 7 (pre rich-text merge) 2026-08-01 23:09
85488,bg-icon,35,35,35,1,pattern-blue-diamond-2,https://o360.com/wp-admin/post.php?post=85488&action=edit,https://o360.com/wp-content/uploads/2019/07/pattern-blue-diamond-2.webp,Footer
86496,bg-icon,620,514,620,14,clouds_mobile_O360,https://o360.com/wp-admin/post.php?post=86496&action=edit,https://o360.com/wp-content/uploads/2026/03/clouds_mobile_O360.webp,Home | Web2 | Landing for Websites | Landing for Websites — BACKUP 2026-07-31 (pre-ACF wiring) | Landing for Websites — BACKUP-2 2026-07-31 (pre-batch2) | Landing for Websites — BACKUP-3 2026-07-31 (pre-batch3)
